;signal_id;id_measurement;phase;target
0;0;0;0;0
1;1;0;1;0
2;2;0;2;0
3;3;1;0;1
4;4;1;1;1
5;5;1;2;1
6;6;2;0;0
7;7;2;1;0
8;8;2;2;0
9;9;3;0;0
10;10;3;1;0
11;11;3;2;0
12;12;4;0;0
13;13;4;1;0
14;14;4;2;0
15;15;5;0;0
16;16;5;1;0
17;17;5;2;0
18;18;6;0;0
19;19;6;1;0
20;20;6;2;0
21;21;7;0;0
22;22;7;1;0
23;23;7;2;0
24;24;8;0;0
25;25;8;1;0
26;26;8;2;0
27;27;9;0;0
28;28;9;1;0
29;29;9;2;0
30;30;10;0;0
31;31;10;1;0
32;32;10;2;0
33;33;11;0;0
34;34;11;1;0
35;35;11;2;0
36;36;12;0;0
37;37;12;1;0
38;38;12;2;0
39;39;13;0;0
40;40;13;1;0
41;41;13;2;0
42;42;14;0;0
43;43;14;1;0
44;44;14;2;0
45;45;15;0;0
46;46;15;1;0
47;47;15;2;0
48;48;16;0;0
49;49;16;1;0
50;50;16;2;0
51;51;17;0;0
52;52;17;1;0
53;53;17;2;0
54;54;18;0;0
55;55;18;1;0
56;56;18;2;0
57;57;19;0;0
58;58;19;1;0
59;59;19;2;0
60;60;20;0;0
61;61;20;1;0
62;62;20;2;0
63;63;21;0;0
64;64;21;1;0
65;65;21;2;0
66;66;22;0;0
67;67;22;1;0
68;68;22;2;0
69;69;23;0;0
70;70;23;1;0
71;71;23;2;0
72;72;24;0;0
73;73;24;1;0
74;74;24;2;0
75;75;25;0;0
76;76;25;1;0
77;77;25;2;0
78;78;26;0;0
79;79;26;1;0
80;80;26;2;0
81;81;27;0;0
82;82;27;1;0
83;83;27;2;0
84;84;28;0;0
85;85;28;1;0
86;86;28;2;0
87;87;29;0;0
88;88;29;1;0
89;89;29;2;0
90;90;30;0;0
91;91;30;1;0
92;92;30;2;0
93;93;31;0;0
94;94;31;1;0
95;95;31;2;0
96;96;32;0;0
97;97;32;1;0
98;98;32;2;0
99;99;33;0;0
100;100;33;1;0
101;101;33;2;0
102;102;34;0;0
103;103;34;1;0
104;104;34;2;0
105;105;35;0;0
106;106;35;1;0
107;107;35;2;0
108;108;36;0;0
109;109;36;1;0
110;110;36;2;0
111;111;37;0;0
112;112;37;1;0
113;113;37;2;0
114;114;38;0;0
115;115;38;1;0
116;116;38;2;0
117;117;39;0;0
118;118;39;1;0
119;119;39;2;0
120;120;40;0;0
121;121;40;1;0
122;122;40;2;0
123;123;41;0;0
124;124;41;1;0
125;125;41;2;0
126;126;42;0;0
127;127;42;1;0
128;128;42;2;0
129;129;43;0;0
130;130;43;1;0
131;131;43;2;0
132;132;44;0;0
133;133;44;1;0
134;134;44;2;0
135;135;45;0;0
136;136;45;1;0
137;137;45;2;0
138;138;46;0;0
139;139;46;1;0
140;140;46;2;0
141;141;47;0;0
142;142;47;1;0
143;143;47;2;0
144;144;48;0;0
145;145;48;1;0
146;146;48;2;0
147;147;49;0;0
148;148;49;1;0
149;149;49;2;0
150;150;50;0;0
151;151;50;1;0
152;152;50;2;0
153;153;51;0;0
154;154;51;1;0
155;155;51;2;0
156;156;52;0;0
157;157;52;1;0
158;158;52;2;0
159;159;53;0;0
160;160;53;1;0
161;161;53;2;0
162;162;54;0;0
163;163;54;1;0
164;164;54;2;0
165;165;55;0;0
166;166;55;1;0
167;167;55;2;0
168;168;56;0;0
169;169;56;1;0
170;170;56;2;0
171;171;57;0;0
172;172;57;1;0
173;173;57;2;0
174;174;58;0;0
175;175;58;1;0
176;176;58;2;0
177;177;59;0;0
178;178;59;1;0
179;179;59;2;0
180;180;60;0;0
181;181;60;1;0
182;182;60;2;0
183;183;61;0;0
184;184;61;1;0
185;185;61;2;0
186;186;62;0;0
187;187;62;1;0
188;188;62;2;0
189;189;63;0;0
190;190;63;1;0
191;191;63;2;0
192;192;64;0;0
193;193;64;1;0
194;194;64;2;0
195;195;65;0;0
196;196;65;1;0
197;197;65;2;0
198;198;66;0;0
199;199;66;1;0
200;200;66;2;0
201;201;67;0;1
202;202;67;1;1
203;203;67;2;0
204;204;68;0;0
205;205;68;1;0
206;206;68;2;0
207;207;69;0;0
208;208;69;1;0
209;209;69;2;0
210;210;70;0;0
211;211;70;1;0
212;212;70;2;0
213;213;71;0;0
214;214;71;1;0
215;215;71;2;0
216;216;72;0;0
217;217;72;1;0
218;218;72;2;0
219;219;73;0;0
220;220;73;1;0
221;221;73;2;0
222;222;74;0;0
223;223;74;1;0
224;224;74;2;0
225;225;75;0;0
226;226;75;1;0
227;227;75;2;0
228;228;76;0;1
229;229;76;1;1
230;230;76;2;1
231;231;77;0;0
232;232;77;1;0
233;233;77;2;0
234;234;78;0;0
235;235;78;1;0
236;236;78;2;0
237;237;79;0;0
238;238;79;1;0
239;239;79;2;0
240;240;80;0;0
241;241;80;1;0
242;242;80;2;0
243;243;81;0;0
244;244;81;1;0
245;245;81;2;0
246;246;82;0;0
247;247;82;1;0
248;248;82;2;0
249;249;83;0;0
250;250;83;1;0
251;251;83;2;0
252;252;84;0;0
253;253;84;1;0
254;254;84;2;0
255;255;85;0;0
256;256;85;1;0
257;257;85;2;0
258;258;86;0;0
259;259;86;1;0
260;260;86;2;0
261;261;87;0;0
262;262;87;1;0
263;263;87;2;0
264;264;88;0;0
265;265;88;1;0
266;266;88;2;0
267;267;89;0;0
268;268;89;1;0
269;269;89;2;0
270;270;90;0;1
271;271;90;1;1
272;272;90;2;1
273;273;91;0;0
274;274;91;1;0
275;275;91;2;0
276;276;92;0;0
277;277;92;1;0
278;278;92;2;0
279;279;93;0;1
280;280;93;1;1
281;281;93;2;1
282;282;94;0;0
283;283;94;1;0
284;284;94;2;0
285;285;95;0;1
286;286;95;1;1
287;287;95;2;1
288;288;96;0;0
289;289;96;1;0
290;290;96;2;1
291;291;97;0;0
292;292;97;1;0
293;293;97;2;0
294;294;98;0;1
295;295;98;1;1
296;296;98;2;1
297;297;99;0;0
298;298;99;1;0
299;299;99;2;0
300;300;100;0;0
301;301;100;1;0
302;302;100;2;0
303;303;101;0;0
304;304;101;1;0
305;305;101;2;0
306;306;102;0;0
307;307;102;1;0
308;308;102;2;0
309;309;103;0;0
310;310;103;1;0
311;311;103;2;0
312;312;104;0;0
313;313;104;1;0
314;314;104;2;0
315;315;105;0;0
316;316;105;1;0
317;317;105;2;0
318;318;106;0;0
319;319;106;1;0
320;320;106;2;0
321;321;107;0;0
322;322;107;1;0
323;323;107;2;0
324;324;108;0;0
325;325;108;1;0
326;326;108;2;0
327;327;109;0;0
328;328;109;1;0
329;329;109;2;0
330;330;110;0;0
331;331;110;1;0
332;332;110;2;0
333;333;111;0;0
334;334;111;1;0
335;335;111;2;0
336;336;112;0;0
337;337;112;1;0
338;338;112;2;0
339;339;113;0;0
340;340;113;1;0
341;341;113;2;0
342;342;114;0;0
343;343;114;1;0
344;344;114;2;0
345;345;115;0;0
346;346;115;1;0
347;347;115;2;0
348;348;116;0;0
349;349;116;1;0
350;350;116;2;0
351;351;117;0;0
352;352;117;1;0
353;353;117;2;0
354;354;118;0;0
355;355;118;1;0
356;356;118;2;0
357;357;119;0;0
358;358;119;1;0
359;359;119;2;0
360;360;120;0;0
361;361;120;1;0
362;362;120;2;0
363;363;121;0;0
364;364;121;1;0
365;365;121;2;0
366;366;122;0;0
367;367;122;1;0
368;368;122;2;0
369;369;123;0;0
370;370;123;1;0
371;371;123;2;0
372;372;124;0;0
373;373;124;1;0
374;374;124;2;0
375;375;125;0;0
376;376;125;1;0
377;377;125;2;0
378;378;126;0;0
379;379;126;1;0
380;380;126;2;1
381;381;127;0;0
382;382;127;1;0
383;383;127;2;0
384;384;128;0;0
385;385;128;1;0
386;386;128;2;0
387;387;129;0;0
388;388;129;1;0
389;389;129;2;0
390;390;130;0;0
391;391;130;1;0
392;392;130;2;0
393;393;131;0;0
394;394;131;1;0
395;395;131;2;0
396;396;132;0;0
397;397;132;1;0
398;398;132;2;0
399;399;133;0;0
400;400;133;1;0
401;401;133;2;0
402;402;134;0;0
403;403;134;1;0
404;404;134;2;0
405;405;135;0;0
406;406;135;1;0
407;407;135;2;0
408;408;136;0;1
409;409;136;1;1
410;410;136;2;1
411;411;137;0;0
412;412;137;1;0
413;413;137;2;0
414;414;138;0;0
415;415;138;1;0
416;416;138;2;0
417;417;139;0;0
418;418;139;1;0
419;419;139;2;0
420;420;140;0;0
421;421;140;1;0
422;422;140;2;0
423;423;141;0;0
424;424;141;1;0
425;425;141;2;0
426;426;142;0;0
427;427;142;1;0
428;428;142;2;0
429;429;143;0;0
430;430;143;1;0
431;431;143;2;0
432;432;144;0;1
433;433;144;1;1
434;434;144;2;1
435;435;145;0;1
436;436;145;1;1
437;437;145;2;1
438;438;146;0;0
439;439;146;1;0
440;440;146;2;0
441;441;147;0;0
442;442;147;1;0
443;443;147;2;0
444;444;148;0;0
445;445;148;1;0
446;446;148;2;0
447;447;149;0;0
448;448;149;1;0
449;449;149;2;0
450;450;150;0;0
451;451;150;1;0
452;452;150;2;0
453;453;151;0;0
454;454;151;1;0
455;455;151;2;0
456;456;152;0;1
457;457;152;1;1
458;458;152;2;1
459;459;153;0;0
460;460;153;1;0
461;461;153;2;0
462;462;154;0;0
463;463;154;1;0
464;464;154;2;0
465;465;155;0;0
466;466;155;1;0
467;467;155;2;0
468;468;156;0;0
469;469;156;1;0
470;470;156;2;0
471;471;157;0;0
472;472;157;1;0
473;473;157;2;0
474;474;158;0;0
475;475;158;1;0
476;476;158;2;0
477;477;159;0;0
478;478;159;1;0
479;479;159;2;1
480;480;160;0;0
481;481;160;1;0
482;482;160;2;0
483;483;161;0;0
484;484;161;1;0
485;485;161;2;0
486;486;162;0;0
487;487;162;1;0
488;488;162;2;0
489;489;163;0;0
490;490;163;1;0
491;491;163;2;0
492;492;164;0;0
493;493;164;1;0
494;494;164;2;0
495;495;165;0;0
496;496;165;1;0
497;497;165;2;0
498;498;166;0;0
499;499;166;1;0
500;500;166;2;0
501;501;167;0;0
502;502;167;1;0
503;503;167;2;0
504;504;168;0;0
505;505;168;1;0
506;506;168;2;0
507;507;169;0;0
508;508;169;1;0
509;509;169;2;0
510;510;170;0;0
511;511;170;1;0
512;512;170;2;0
513;513;171;0;0
514;514;171;1;0
515;515;171;2;0
516;516;172;0;1
517;517;172;1;1
518;518;172;2;1
519;519;173;0;0
520;520;173;1;0
521;521;173;2;0
522;522;174;0;0
523;523;174;1;0
524;524;174;2;0
525;525;175;0;0
526;526;175;1;0
527;527;175;2;0
528;528;176;0;0
529;529;176;1;0
530;530;176;2;0
531;531;177;0;0
532;532;177;1;0
533;533;177;2;0
534;534;178;0;0
535;535;178;1;0
536;536;178;2;0
537;537;179;0;0
538;538;179;1;0
539;539;179;2;0
540;540;180;0;0
541;541;180;1;0
542;542;180;2;0
543;543;181;0;0
544;544;181;1;0
545;545;181;2;0
546;546;182;0;0
547;547;182;1;0
548;548;182;2;0
549;549;183;0;0
550;550;183;1;0
551;551;183;2;0
552;552;184;0;0
553;553;184;1;0
554;554;184;2;0
555;555;185;0;0
556;556;185;1;0
557;557;185;2;0
558;558;186;0;0
559;559;186;1;0
560;560;186;2;0
561;561;187;0;0
562;562;187;1;0
563;563;187;2;0
564;564;188;0;0
565;565;188;1;0
566;566;188;2;0
567;567;189;0;0
568;568;189;1;0
569;569;189;2;0
570;570;190;0;1
571;571;190;1;1
572;572;190;2;1
573;573;191;0;0
574;574;191;1;0
575;575;191;2;0
576;576;192;0;0
577;577;192;1;0
578;578;192;2;0
579;579;193;0;0
580;580;193;1;0
581;581;193;2;0
582;582;194;0;0
583;583;194;1;0
584;584;194;2;0
585;585;195;0;0
586;586;195;1;0
587;587;195;2;0
588;588;196;0;0
589;589;196;1;0
590;590;196;2;0
591;591;197;0;0
592;592;197;1;0
593;593;197;2;0
594;594;198;0;0
595;595;198;1;0
596;596;198;2;0
597;597;199;0;0
598;598;199;1;0
599;599;199;2;0
600;600;200;0;0
601;601;200;1;0
602;602;200;2;0
603;603;201;0;0
604;604;201;1;0
605;605;201;2;0
606;606;202;0;0
607;607;202;1;0
608;608;202;2;0
609;609;203;0;0
610;610;203;1;0
611;611;203;2;0
612;612;204;0;0
613;613;204;1;0
614;614;204;2;0
615;615;205;0;0
616;616;205;1;0
617;617;205;2;0
618;618;206;0;0
619;619;206;1;0
620;620;206;2;0
621;621;207;0;0
622;622;207;1;0
623;623;207;2;0
624;624;208;0;0
625;625;208;1;0
626;626;208;2;0
627;627;209;0;0
628;628;209;1;0
629;629;209;2;0
630;630;210;0;0
631;631;210;1;0
632;632;210;2;0
633;633;211;0;0
634;634;211;1;0
635;635;211;2;0
636;636;212;0;0
637;637;212;1;0
638;638;212;2;0
639;639;213;0;0
640;640;213;1;0
641;641;213;2;0
642;642;214;0;0
643;643;214;1;0
644;644;214;2;0
645;645;215;0;0
646;646;215;1;0
647;647;215;2;0
648;648;216;0;0
649;649;216;1;0
650;650;216;2;0
651;651;217;0;0
652;652;217;1;0
653;653;217;2;0
654;654;218;0;0
655;655;218;1;0
656;656;218;2;0
657;657;219;0;0
658;658;219;1;0
659;659;219;2;0
660;660;220;0;0
661;661;220;1;0
662;662;220;2;0
663;663;221;0;0
664;664;221;1;0
665;665;221;2;0
666;666;222;0;0
667;667;222;1;0
668;668;222;2;0
669;669;223;0;0
670;670;223;1;0
671;671;223;2;0
672;672;224;0;0
673;673;224;1;0
674;674;224;2;0
675;675;225;0;0
676;676;225;1;0
677;677;225;2;0
678;678;226;0;1
679;679;226;1;1
680;680;226;2;1
681;681;227;0;0
682;682;227;1;0
683;683;227;2;0
684;684;228;0;0
685;685;228;1;0
686;686;228;2;0
687;687;229;0;0
688;688;229;1;0
689;689;229;2;0
690;690;230;0;0
691;691;230;1;0
692;692;230;2;0
693;693;231;0;0
694;694;231;1;0
695;695;231;2;0
696;696;232;0;0
697;697;232;1;0
698;698;232;2;0
699;699;233;0;1
700;700;233;1;1
701;701;233;2;1
702;702;234;0;0
703;703;234;1;0
704;704;234;2;0
705;705;235;0;1
706;706;235;1;1
707;707;235;2;1
708;708;236;0;1
709;709;236;1;1
710;710;236;2;1
711;711;237;0;0
712;712;237;1;0
713;713;237;2;0
714;714;238;0;0
715;715;238;1;0
716;716;238;2;0
717;717;239;0;0
718;718;239;1;0
719;719;239;2;0
720;720;240;0;0
721;721;240;1;0
722;722;240;2;0
723;723;241;0;0
724;724;241;1;0
725;725;241;2;0
726;726;242;0;0
727;727;242;1;0
728;728;242;2;0
729;729;243;0;0
730;730;243;1;0
731;731;243;2;0
732;732;244;0;0
733;733;244;1;0
734;734;244;2;0
735;735;245;0;0
736;736;245;1;0
737;737;245;2;0
738;738;246;0;0
739;739;246;1;0
740;740;246;2;0
741;741;247;0;0
742;742;247;1;0
743;743;247;2;0
744;744;248;0;0
745;745;248;1;0
746;746;248;2;0
747;747;249;0;0
748;748;249;1;0
749;749;249;2;0
750;750;250;0;0
751;751;250;1;0
752;752;250;2;0
753;753;251;0;0
754;754;251;1;0
755;755;251;2;0
756;756;252;0;0
757;757;252;1;0
758;758;252;2;0
759;759;253;0;0
760;760;253;1;0
761;761;253;2;0
762;762;254;0;0
763;763;254;1;0
764;764;254;2;0
765;765;255;0;0
766;766;255;1;0
767;767;255;2;0
768;768;256;0;0
769;769;256;1;0
770;770;256;2;0
771;771;257;0;0
772;772;257;1;0
773;773;257;2;0
774;774;258;0;0
775;775;258;1;0
776;776;258;2;0
777;777;259;0;0
778;778;259;1;0
779;779;259;2;0
780;780;260;0;0
781;781;260;1;0
782;782;260;2;0
783;783;261;0;0
784;784;261;1;0
785;785;261;2;0
786;786;262;0;0
787;787;262;1;0
788;788;262;2;0
789;789;263;0;0
790;790;263;1;0
791;791;263;2;0
792;792;264;0;0
793;793;264;1;0
794;794;264;2;0
795;795;265;0;0
796;796;265;1;0
797;797;265;2;0
798;798;266;0;0
799;799;266;1;0
800;800;266;2;0
801;801;267;0;0
802;802;267;1;0
803;803;267;2;0
804;804;268;0;0
805;805;268;1;0
806;806;268;2;0
807;807;269;0;0
808;808;269;1;0
809;809;269;2;0
810;810;270;0;0
811;811;270;1;0
812;812;270;2;0
813;813;271;0;1
814;814;271;1;0
815;815;271;2;0
816;816;272;0;0
817;817;272;1;0
818;818;272;2;0
819;819;273;0;0
820;820;273;1;0
821;821;273;2;0
822;822;274;0;0
823;823;274;1;0
824;824;274;2;0
825;825;275;0;0
826;826;275;1;0
827;827;275;2;0
828;828;276;0;0
829;829;276;1;0
830;830;276;2;0
831;831;277;0;0
832;832;277;1;0
833;833;277;2;0
834;834;278;0;0
835;835;278;1;0
836;836;278;2;0
837;837;279;0;0
838;838;279;1;0
839;839;279;2;0
840;840;280;0;0
841;841;280;1;0
842;842;280;2;0
843;843;281;0;0
844;844;281;1;0
845;845;281;2;0
846;846;282;0;0
847;847;282;1;0
848;848;282;2;0
849;849;283;0;0
850;850;283;1;0
851;851;283;2;0
852;852;284;0;0
853;853;284;1;0
854;854;284;2;0
855;855;285;0;0
856;856;285;1;0
857;857;285;2;0
858;858;286;0;0
859;859;286;1;0
860;860;286;2;0
861;861;287;0;0
862;862;287;1;0
863;863;287;2;0
864;864;288;0;0
865;865;288;1;0
866;866;288;2;0
867;867;289;0;0
868;868;289;1;0
869;869;289;2;0
870;870;290;0;0
871;871;290;1;0
872;872;290;2;0
873;873;291;0;0
874;874;291;1;0
875;875;291;2;0
876;876;292;0;1
877;877;292;1;1
878;878;292;2;1
879;879;293;0;0
880;880;293;1;0
881;881;293;2;0
882;882;294;0;0
883;883;294;1;0
884;884;294;2;0
885;885;295;0;0
886;886;295;1;0
887;887;295;2;0
888;888;296;0;0
889;889;296;1;0
890;890;296;2;0
891;891;297;0;0
892;892;297;1;0
893;893;297;2;0
894;894;298;0;0
895;895;298;1;0
896;896;298;2;0
897;897;299;0;0
898;898;299;1;0
899;899;299;2;0
900;900;300;0;0
901;901;300;1;0
902;902;300;2;0
903;903;301;0;1
904;904;301;1;0
905;905;301;2;0
906;906;302;0;0
907;907;302;1;0
908;908;302;2;0
909;909;303;0;0
910;910;303;1;0
911;911;303;2;0
912;912;304;0;1
913;913;304;1;1
914;914;304;2;1
915;915;305;0;0
916;916;305;1;0
917;917;305;2;0
918;918;306;0;0
919;919;306;1;0
920;920;306;2;0
921;921;307;0;0
922;922;307;1;0
923;923;307;2;0
924;924;308;0;0
925;925;308;1;0
926;926;308;2;0
927;927;309;0;0
928;928;309;1;0
929;929;309;2;0
930;930;310;0;0
931;931;310;1;0
932;932;310;2;0
933;933;311;0;0
934;934;311;1;0
935;935;311;2;0
936;936;312;0;0
937;937;312;1;0
938;938;312;2;0
939;939;313;0;1
940;940;313;1;1
941;941;313;2;1
942;942;314;0;0
943;943;314;1;0
944;944;314;2;0
945;945;315;0;0
946;946;315;1;0
947;947;315;2;0
948;948;316;0;0
949;949;316;1;0
950;950;316;2;0
951;951;317;0;0
952;952;317;1;0
953;953;317;2;0
954;954;318;0;0
955;955;318;1;0
956;956;318;2;0
957;957;319;0;0
958;958;319;1;0
959;959;319;2;0
960;960;320;0;0
961;961;320;1;0
962;962;320;2;0
963;963;321;0;0
964;964;321;1;0
965;965;321;2;0
966;966;322;0;0
967;967;322;1;0
968;968;322;2;0
969;969;323;0;0
970;970;323;1;0
971;971;323;2;0
972;972;324;0;0
973;973;324;1;0
974;974;324;2;0
975;975;325;0;0
976;976;325;1;0
977;977;325;2;0
978;978;326;0;0
979;979;326;1;0
980;980;326;2;0
981;981;327;0;0
982;982;327;1;0
983;983;327;2;0
984;984;328;0;0
985;985;328;1;0
986;986;328;2;0
987;987;329;0;0
988;988;329;1;0
989;989;329;2;0
990;990;330;0;0
991;991;330;1;0
992;992;330;2;0
993;993;331;0;0
994;994;331;1;0
995;995;331;2;0
996;996;332;0;0
997;997;332;1;0
998;998;332;2;0
999;999;333;0;0
1000;1000;333;1;0
1001;1001;333;2;0
1002;1002;334;0;1
1003;1003;334;1;1
1004;1004;334;2;1
1005;1005;335;0;0
1006;1006;335;1;0
1007;1007;335;2;0
1008;1008;336;0;0
1009;1009;336;1;0
1010;1010;336;2;0
1011;1011;337;0;0
1012;1012;337;1;0
1013;1013;337;2;0
1014;1014;338;0;0
1015;1015;338;1;0
1016;1016;338;2;0
1017;1017;339;0;1
1018;1018;339;1;1
1019;1019;339;2;1
1020;1020;340;0;0
1021;1021;340;1;0
1022;1022;340;2;0
1023;1023;341;0;0
1024;1024;341;1;0
1025;1025;341;2;0
1026;1026;342;0;1
1027;1027;342;1;1
1028;1028;342;2;1
1029;1029;343;0;0
1030;1030;343;1;0
1031;1031;343;2;0
1032;1032;344;0;1
1033;1033;344;1;1
1034;1034;344;2;1
1035;1035;345;0;0
1036;1036;345;1;0
1037;1037;345;2;0
1038;1038;346;0;0
1039;1039;346;1;0
1040;1040;346;2;0
1041;1041;347;0;0
1042;1042;347;1;0
1043;1043;347;2;0
1044;1044;348;0;0
1045;1045;348;1;0
1046;1046;348;2;0
1047;1047;349;0;0
1048;1048;349;1;0
1049;1049;349;2;0
1050;1050;350;0;1
1051;1051;350;1;1
1052;1052;350;2;1
1053;1053;351;0;0
1054;1054;351;1;0
1055;1055;351;2;0
1056;1056;352;0;0
1057;1057;352;1;0
1058;1058;352;2;0
1059;1059;353;0;0
1060;1060;353;1;0
1061;1061;353;2;0
1062;1062;354;0;0
1063;1063;354;1;0
1064;1064;354;2;0
1065;1065;355;0;0
1066;1066;355;1;0
1067;1067;355;2;0
1068;1068;356;0;0
1069;1069;356;1;0
1070;1070;356;2;0
1071;1071;357;0;0
1072;1072;357;1;0
1073;1073;357;2;0
1074;1074;358;0;1
1075;1075;358;1;1
1076;1076;358;2;1
1077;1077;359;0;0
1078;1078;359;1;0
1079;1079;359;2;0
1080;1080;360;0;0
1081;1081;360;1;0
1082;1082;360;2;0
1083;1083;361;0;1
1084;1084;361;1;1
1085;1085;361;2;1
1086;1086;362;0;0
1087;1087;362;1;0
1088;1088;362;2;0
1089;1089;363;0;0
1090;1090;363;1;0
1091;1091;363;2;0
1092;1092;364;0;0
1093;1093;364;1;0
1094;1094;364;2;0
1095;1095;365;0;0
1096;1096;365;1;0
1097;1097;365;2;0
1098;1098;366;0;0
1099;1099;366;1;0
1100;1100;366;2;0
1101;1101;367;0;0
1102;1102;367;1;0
1103;1103;367;2;0
1104;1104;368;0;0
1105;1105;368;1;0
1106;1106;368;2;0
1107;1107;369;0;0
1108;1108;369;1;0
1109;1109;369;2;0
1110;1110;370;0;0
1111;1111;370;1;0
1112;1112;370;2;0
1113;1113;371;0;0
1114;1114;371;1;0
1115;1115;371;2;0
1116;1116;372;0;0
1117;1117;372;1;0
1118;1118;372;2;0
1119;1119;373;0;0
1120;1120;373;1;0
1121;1121;373;2;0
1122;1122;374;0;0
1123;1123;374;1;0
1124;1124;374;2;0
1125;1125;375;0;0
1126;1126;375;1;0
1127;1127;375;2;0
1128;1128;376;0;0
1129;1129;376;1;0
1130;1130;376;2;0
1131;1131;377;0;0
1132;1132;377;1;0
1133;1133;377;2;0
1134;1134;378;0;1
1135;1135;378;1;1
1136;1136;378;2;1
1137;1137;379;0;0
1138;1138;379;1;0
1139;1139;379;2;0
1140;1140;380;0;0
1141;1141;380;1;0
1142;1142;380;2;0
1143;1143;381;0;0
1144;1144;381;1;0
1145;1145;381;2;0
1146;1146;382;0;0
1147;1147;382;1;0
1148;1148;382;2;0
1149;1149;383;0;0
1150;1150;383;1;0
1151;1151;383;2;0
1152;1152;384;0;0
1153;1153;384;1;0
1154;1154;384;2;0
1155;1155;385;0;0
1156;1156;385;1;0
1157;1157;385;2;0
1158;1158;386;0;0
1159;1159;386;1;0
1160;1160;386;2;0
1161;1161;387;0;0
1162;1162;387;1;0
1163;1163;387;2;0
1164;1164;388;0;0
1165;1165;388;1;0
1166;1166;388;2;0
1167;1167;389;0;0
1168;1168;389;1;0
1169;1169;389;2;0
1170;1170;390;0;0
1171;1171;390;1;0
1172;1172;390;2;0
1173;1173;391;0;0
1174;1174;391;1;0
1175;1175;391;2;0
1176;1176;392;0;0
1177;1177;392;1;0
1178;1178;392;2;0
1179;1179;393;0;0
1180;1180;393;1;0
1181;1181;393;2;0
1182;1182;394;0;0
1183;1183;394;1;0
1184;1184;394;2;0
1185;1185;395;0;0
1186;1186;395;1;0
1187;1187;395;2;0
1188;1188;396;0;0
1189;1189;396;1;0
1190;1190;396;2;0
1191;1191;397;0;0
1192;1192;397;1;0
1193;1193;397;2;0
1194;1194;398;0;0
1195;1195;398;1;0
1196;1196;398;2;0
1197;1197;399;0;0
1198;1198;399;1;0
1199;1199;399;2;0
1200;1200;400;0;0
1201;1201;400;1;0
1202;1202;400;2;0
1203;1203;401;0;0
1204;1204;401;1;0
1205;1205;401;2;0
1206;1206;402;0;0
1207;1207;402;1;0
1208;1208;402;2;0
1209;1209;403;0;0
1210;1210;403;1;0
1211;1211;403;2;0
1212;1212;404;0;0
1213;1213;404;1;0
1214;1214;404;2;0
1215;1215;405;0;0
1216;1216;405;1;0
1217;1217;405;2;0
1218;1218;406;0;0
1219;1219;406;1;0
1220;1220;406;2;0
1221;1221;407;0;0
1222;1222;407;1;0
1223;1223;407;2;0
1224;1224;408;0;0
1225;1225;408;1;0
1226;1226;408;2;0
1227;1227;409;0;0
1228;1228;409;1;0
1229;1229;409;2;0
1230;1230;410;0;0
1231;1231;410;1;0
1232;1232;410;2;0
1233;1233;411;0;0
1234;1234;411;1;0
1235;1235;411;2;0
1236;1236;412;0;0
1237;1237;412;1;0
1238;1238;412;2;0
1239;1239;413;0;0
1240;1240;413;1;0
1241;1241;413;2;0
1242;1242;414;0;0
1243;1243;414;1;0
1244;1244;414;2;0
1245;1245;415;0;0
1246;1246;415;1;0
1247;1247;415;2;0
1248;1248;416;0;0
1249;1249;416;1;0
1250;1250;416;2;0
1251;1251;417;0;0
1252;1252;417;1;0
1253;1253;417;2;0
1254;1254;418;0;0
1255;1255;418;1;0
1256;1256;418;2;0
1257;1257;419;0;0
1258;1258;419;1;0
1259;1259;419;2;0
1260;1260;420;0;0
1261;1261;420;1;0
1262;1262;420;2;0
1263;1263;421;0;1
1264;1264;421;1;1
1265;1265;421;2;1
1266;1266;422;0;0
1267;1267;422;1;0
1268;1268;422;2;0
1269;1269;423;0;0
1270;1270;423;1;0
1271;1271;423;2;0
1272;1272;424;0;0
1273;1273;424;1;0
1274;1274;424;2;0
1275;1275;425;0;0
1276;1276;425;1;0
1277;1277;425;2;0
1278;1278;426;0;0
1279;1279;426;1;0
1280;1280;426;2;0
1281;1281;427;0;0
1282;1282;427;1;0
1283;1283;427;2;0
1284;1284;428;0;0
1285;1285;428;1;0
1286;1286;428;2;0
1287;1287;429;0;0
1288;1288;429;1;0
1289;1289;429;2;0
1290;1290;430;0;0
1291;1291;430;1;0
1292;1292;430;2;0
1293;1293;431;0;0
1294;1294;431;1;0
1295;1295;431;2;0
1296;1296;432;0;0
1297;1297;432;1;0
1298;1298;432;2;0
1299;1299;433;0;0
1300;1300;433;1;0
1301;1301;433;2;0
1302;1302;434;0;0
1303;1303;434;1;0
1304;1304;434;2;0
1305;1305;435;0;0
1306;1306;435;1;0
1307;1307;435;2;0
1308;1308;436;0;0
1309;1309;436;1;0
1310;1310;436;2;0
1311;1311;437;0;0
1312;1312;437;1;0
1313;1313;437;2;0
1314;1314;438;0;0
1315;1315;438;1;0
1316;1316;438;2;0
1317;1317;439;0;0
1318;1318;439;1;0
1319;1319;439;2;0
1320;1320;440;0;0
1321;1321;440;1;0
1322;1322;440;2;0
1323;1323;441;0;0
1324;1324;441;1;0
1325;1325;441;2;0
1326;1326;442;0;0
1327;1327;442;1;0
1328;1328;442;2;0
1329;1329;443;0;0
1330;1330;443;1;0
1331;1331;443;2;1
1332;1332;444;0;0
1333;1333;444;1;0
1334;1334;444;2;0
1335;1335;445;0;1
1336;1336;445;1;1
1337;1337;445;2;1
1338;1338;446;0;0
1339;1339;446;1;0
1340;1340;446;2;0
1341;1341;447;0;0
1342;1342;447;1;0
1343;1343;447;2;0
1344;1344;448;0;0
1345;1345;448;1;0
1346;1346;448;2;0
1347;1347;449;0;0
1348;1348;449;1;0
1349;1349;449;2;0
1350;1350;450;0;0
1351;1351;450;1;0
1352;1352;450;2;0
1353;1353;451;0;0
1354;1354;451;1;0
1355;1355;451;2;0
1356;1356;452;0;0
1357;1357;452;1;0
1358;1358;452;2;0
1359;1359;453;0;0
1360;1360;453;1;0
1361;1361;453;2;0
1362;1362;454;0;0
1363;1363;454;1;0
1364;1364;454;2;0
1365;1365;455;0;0
1366;1366;455;1;0
1367;1367;455;2;0
1368;1368;456;0;0
1369;1369;456;1;0
1370;1370;456;2;0
1371;1371;457;0;0
1372;1372;457;1;0
1373;1373;457;2;0
1374;1374;458;0;0
1375;1375;458;1;0
1376;1376;458;2;0
1377;1377;459;0;0
1378;1378;459;1;0
1379;1379;459;2;0
1380;1380;460;0;0
1381;1381;460;1;0
1382;1382;460;2;0
1383;1383;461;0;0
1384;1384;461;1;0
1385;1385;461;2;0
1386;1386;462;0;0
1387;1387;462;1;0
1388;1388;462;2;0
1389;1389;463;0;0
1390;1390;463;1;0
1391;1391;463;2;0
1392;1392;464;0;0
1393;1393;464;1;0
1394;1394;464;2;0
1395;1395;465;0;0
1396;1396;465;1;0
1397;1397;465;2;0
1398;1398;466;0;0
1399;1399;466;1;0
1400;1400;466;2;0
1401;1401;467;0;0
1402;1402;467;1;0
1403;1403;467;2;0
1404;1404;468;0;0
1405;1405;468;1;0
1406;1406;468;2;0
1407;1407;469;0;0
1408;1408;469;1;0
1409;1409;469;2;0
1410;1410;470;0;0
1411;1411;470;1;0
1412;1412;470;2;0
1413;1413;471;0;0
1414;1414;471;1;0
1415;1415;471;2;0
1416;1416;472;0;0
1417;1417;472;1;0
1418;1418;472;2;0
1419;1419;473;0;0
1420;1420;473;1;0
1421;1421;473;2;0
1422;1422;474;0;0
1423;1423;474;1;0
1424;1424;474;2;0
1425;1425;475;0;0
1426;1426;475;1;0
1427;1427;475;2;0
1428;1428;476;0;0
1429;1429;476;1;0
1430;1430;476;2;0
1431;1431;477;0;0
1432;1432;477;1;0
1433;1433;477;2;0
1434;1434;478;0;1
1435;1435;478;1;1
1436;1436;478;2;1
1437;1437;479;0;0
1438;1438;479;1;0
1439;1439;479;2;0
1440;1440;480;0;0
1441;1441;480;1;0
1442;1442;480;2;0
1443;1443;481;0;0
1444;1444;481;1;0
1445;1445;481;2;0
1446;1446;482;0;0
1447;1447;482;1;0
1448;1448;482;2;0
1449;1449;483;0;1
1450;1450;483;1;1
1451;1451;483;2;1
1452;1452;484;0;0
1453;1453;484;1;0
1454;1454;484;2;0
1455;1455;485;0;1
1456;1456;485;1;1
1457;1457;485;2;1
1458;1458;486;0;0
1459;1459;486;1;0
1460;1460;486;2;0
1461;1461;487;0;0
1462;1462;487;1;0
1463;1463;487;2;0
1464;1464;488;0;0
1465;1465;488;1;0
1466;1466;488;2;0
1467;1467;489;0;0
1468;1468;489;1;0
1469;1469;489;2;0
1470;1470;490;0;0
1471;1471;490;1;0
1472;1472;490;2;0
1473;1473;491;0;0
1474;1474;491;1;0
1475;1475;491;2;0
1476;1476;492;0;0
1477;1477;492;1;0
1478;1478;492;2;0
1479;1479;493;0;0
1480;1480;493;1;0
1481;1481;493;2;0
1482;1482;494;0;0
1483;1483;494;1;0
1484;1484;494;2;0
1485;1485;495;0;0
1486;1486;495;1;0
1487;1487;495;2;0
1488;1488;496;0;0
1489;1489;496;1;0
1490;1490;496;2;0
1491;1491;497;0;0
1492;1492;497;1;0
1493;1493;497;2;0
1494;1494;498;0;0
1495;1495;498;1;0
1496;1496;498;2;0
1497;1497;499;0;0
1498;1498;499;1;0
1499;1499;499;2;0
1500;1500;500;0;0
1501;1501;500;1;0
1502;1502;500;2;0
1503;1503;501;0;0
1504;1504;501;1;0
1505;1505;501;2;0
1506;1506;502;0;0
1507;1507;502;1;0
1508;1508;502;2;0
1509;1509;503;0;0
1510;1510;503;1;0
1511;1511;503;2;0
1512;1512;504;0;0
1513;1513;504;1;0
1514;1514;504;2;0
1515;1515;505;0;0
1516;1516;505;1;0
1517;1517;505;2;0
1518;1518;506;0;0
1519;1519;506;1;0
1520;1520;506;2;0
1521;1521;507;0;0
1522;1522;507;1;0
1523;1523;507;2;0
1524;1524;508;0;0
1525;1525;508;1;0
1526;1526;508;2;0
1527;1527;509;0;0
1528;1528;509;1;0
1529;1529;509;2;0
1530;1530;510;0;0
1531;1531;510;1;0
1532;1532;510;2;0
1533;1533;511;0;0
1534;1534;511;1;0
1535;1535;511;2;0
1536;1536;512;0;0
1537;1537;512;1;0
1538;1538;512;2;0
1539;1539;513;0;0
1540;1540;513;1;0
1541;1541;513;2;0
1542;1542;514;0;0
1543;1543;514;1;0
1544;1544;514;2;0
1545;1545;515;0;0
1546;1546;515;1;0
1547;1547;515;2;0
1548;1548;516;0;0
1549;1549;516;1;0
1550;1550;516;2;0
1551;1551;517;0;0
1552;1552;517;1;0
1553;1553;517;2;0
1554;1554;518;0;1
1555;1555;518;1;0
1556;1556;518;2;0
1557;1557;519;0;0
1558;1558;519;1;0
1559;1559;519;2;0
1560;1560;520;0;0
1561;1561;520;1;0
1562;1562;520;2;0
1563;1563;521;0;0
1564;1564;521;1;0
1565;1565;521;2;0
1566;1566;522;0;0
1567;1567;522;1;0
1568;1568;522;2;0
1569;1569;523;0;0
1570;1570;523;1;0
1571;1571;523;2;0
1572;1572;524;0;0
1573;1573;524;1;0
1574;1574;524;2;0
1575;1575;525;0;1
1576;1576;525;1;1
1577;1577;525;2;1
1578;1578;526;0;0
1579;1579;526;1;0
1580;1580;526;2;0
1581;1581;527;0;0
1582;1582;527;1;0
1583;1583;527;2;0
1584;1584;528;0;0
1585;1585;528;1;0
1586;1586;528;2;0
1587;1587;529;0;0
1588;1588;529;1;0
1589;1589;529;2;0
1590;1590;530;0;0
1591;1591;530;1;0
1592;1592;530;2;0
1593;1593;531;0;0
1594;1594;531;1;0
1595;1595;531;2;0
1596;1596;532;0;0
1597;1597;532;1;0
1598;1598;532;2;0
1599;1599;533;0;0
1600;1600;533;1;0
1601;1601;533;2;0
1602;1602;534;0;0
1603;1603;534;1;0
1604;1604;534;2;0
1605;1605;535;0;0
1606;1606;535;1;0
1607;1607;535;2;0
1608;1608;536;0;0
1609;1609;536;1;0
1610;1610;536;2;0
1611;1611;537;0;0
1612;1612;537;1;0
1613;1613;537;2;0
1614;1614;538;0;0
1615;1615;538;1;0
1616;1616;538;2;0
1617;1617;539;0;0
1618;1618;539;1;0
1619;1619;539;2;0
1620;1620;540;0;0
1621;1621;540;1;0
1622;1622;540;2;0
1623;1623;541;0;0
1624;1624;541;1;0
1625;1625;541;2;0
1626;1626;542;0;0
1627;1627;542;1;0
1628;1628;542;2;0
1629;1629;543;0;0
1630;1630;543;1;0
1631;1631;543;2;0
1632;1632;544;0;0
1633;1633;544;1;0
1634;1634;544;2;0
1635;1635;545;0;0
1636;1636;545;1;0
1637;1637;545;2;0
1638;1638;546;0;0
1639;1639;546;1;0
1640;1640;546;2;0
1641;1641;547;0;0
1642;1642;547;1;0
1643;1643;547;2;0
1644;1644;548;0;0
1645;1645;548;1;0
1646;1646;548;2;0
1647;1647;549;0;0
1648;1648;549;1;0
1649;1649;549;2;0
1650;1650;550;0;0
1651;1651;550;1;0
1652;1652;550;2;0
1653;1653;551;0;0
1654;1654;551;1;0
1655;1655;551;2;0
1656;1656;552;0;0
1657;1657;552;1;0
1658;1658;552;2;0
1659;1659;553;0;0
1660;1660;553;1;0
1661;1661;553;2;0
1662;1662;554;0;0
1663;1663;554;1;0
1664;1664;554;2;0
1665;1665;555;0;0
1666;1666;555;1;0
1667;1667;555;2;0
1668;1668;556;0;0
1669;1669;556;1;0
1670;1670;556;2;0
1671;1671;557;0;0
1672;1672;557;1;0
1673;1673;557;2;0
1674;1674;558;0;0
1675;1675;558;1;0
1676;1676;558;2;0
1677;1677;559;0;0
1678;1678;559;1;0
1679;1679;559;2;0
1680;1680;560;0;0
1681;1681;560;1;0
1682;1682;560;2;0
1683;1683;561;0;0
1684;1684;561;1;0
1685;1685;561;2;0
1686;1686;562;0;0
1687;1687;562;1;0
1688;1688;562;2;0
1689;1689;563;0;0
1690;1690;563;1;0
1691;1691;563;2;0
1692;1692;564;0;0
1693;1693;564;1;0
1694;1694;564;2;0
1695;1695;565;0;0
1696;1696;565;1;0
1697;1697;565;2;0
1698;1698;566;0;0
1699;1699;566;1;0
1700;1700;566;2;0
1701;1701;567;0;0
1702;1702;567;1;0
1703;1703;567;2;0
1704;1704;568;0;0
1705;1705;568;1;0
1706;1706;568;2;0
1707;1707;569;0;0
1708;1708;569;1;0
1709;1709;569;2;0
1710;1710;570;0;0
1711;1711;570;1;0
1712;1712;570;2;0
1713;1713;571;0;0
1714;1714;571;1;0
1715;1715;571;2;0
1716;1716;572;0;0
1717;1717;572;1;0
1718;1718;572;2;0
1719;1719;573;0;0
1720;1720;573;1;0
1721;1721;573;2;0
1722;1722;574;0;0
1723;1723;574;1;0
1724;1724;574;2;0
1725;1725;575;0;0
1726;1726;575;1;0
1727;1727;575;2;0
1728;1728;576;0;0
1729;1729;576;1;0
1730;1730;576;2;0
1731;1731;577;0;0
1732;1732;577;1;0
1733;1733;577;2;0
1734;1734;578;0;0
1735;1735;578;1;0
1736;1736;578;2;0
1737;1737;579;0;1
1738;1738;579;1;1
1739;1739;579;2;1
1740;1740;580;0;0
1741;1741;580;1;0
1742;1742;580;2;0
1743;1743;581;0;0
1744;1744;581;1;0
1745;1745;581;2;0
1746;1746;582;0;0
1747;1747;582;1;0
1748;1748;582;2;0
1749;1749;583;0;0
1750;1750;583;1;0
1751;1751;583;2;0
1752;1752;584;0;0
1753;1753;584;1;0
1754;1754;584;2;0
1755;1755;585;0;0
1756;1756;585;1;0
1757;1757;585;2;0
1758;1758;586;0;0
1759;1759;586;1;0
1760;1760;586;2;0
1761;1761;587;0;0
1762;1762;587;1;0
1763;1763;587;2;0
1764;1764;588;0;0
1765;1765;588;1;0
1766;1766;588;2;0
1767;1767;589;0;0
1768;1768;589;1;0
1769;1769;589;2;0
1770;1770;590;0;0
1771;1771;590;1;0
1772;1772;590;2;0
1773;1773;591;0;0
1774;1774;591;1;0
1775;1775;591;2;0
1776;1776;592;0;0
1777;1777;592;1;0
1778;1778;592;2;0
1779;1779;593;0;0
1780;1780;593;1;0
1781;1781;593;2;0
1782;1782;594;0;0
1783;1783;594;1;0
1784;1784;594;2;0
1785;1785;595;0;0
1786;1786;595;1;0
1787;1787;595;2;0
1788;1788;596;0;0
1789;1789;596;1;0
1790;1790;596;2;0
1791;1791;597;0;0
1792;1792;597;1;0
1793;1793;597;2;0
1794;1794;598;0;0
1795;1795;598;1;0
1796;1796;598;2;0
1797;1797;599;0;0
1798;1798;599;1;0
1799;1799;599;2;0
1800;1800;600;0;0
1801;1801;600;1;0
1802;1802;600;2;0
1803;1803;601;0;1
1804;1804;601;1;0
1805;1805;601;2;1
1806;1806;602;0;0
1807;1807;602;1;0
1808;1808;602;2;0
1809;1809;603;0;0
1810;1810;603;1;0
1811;1811;603;2;0
1812;1812;604;0;0
1813;1813;604;1;0
1814;1814;604;2;0
1815;1815;605;0;0
1816;1816;605;1;0
1817;1817;605;2;0
1818;1818;606;0;0
1819;1819;606;1;0
1820;1820;606;2;0
1821;1821;607;0;0
1822;1822;607;1;0
1823;1823;607;2;0
1824;1824;608;0;1
1825;1825;608;1;0
1826;1826;608;2;1
1827;1827;609;0;0
1828;1828;609;1;0
1829;1829;609;2;0
1830;1830;610;0;0
1831;1831;610;1;0
1832;1832;610;2;0
1833;1833;611;0;0
1834;1834;611;1;0
1835;1835;611;2;0
1836;1836;612;0;0
1837;1837;612;1;0
1838;1838;612;2;0
1839;1839;613;0;0
1840;1840;613;1;0
1841;1841;613;2;0
1842;1842;614;0;0
1843;1843;614;1;0
1844;1844;614;2;0
1845;1845;615;0;0
1846;1846;615;1;0
1847;1847;615;2;0
1848;1848;616;0;0
1849;1849;616;1;0
1850;1850;616;2;0
1851;1851;617;0;0
1852;1852;617;1;0
1853;1853;617;2;0
1854;1854;618;0;0
1855;1855;618;1;0
1856;1856;618;2;0
1857;1857;619;0;0
1858;1858;619;1;0
1859;1859;619;2;0
1860;1860;620;0;1
1861;1861;620;1;0
1862;1862;620;2;1
1863;1863;621;0;0
1864;1864;621;1;0
1865;1865;621;2;0
1866;1866;622;0;0
1867;1867;622;1;0
1868;1868;622;2;0
1869;1869;623;0;0
1870;1870;623;1;0
1871;1871;623;2;0
1872;1872;624;0;0
1873;1873;624;1;0
1874;1874;624;2;0
1875;1875;625;0;0
1876;1876;625;1;0
1877;1877;625;2;0
1878;1878;626;0;0
1879;1879;626;1;0
1880;1880;626;2;0
1881;1881;627;0;0
1882;1882;627;1;0
1883;1883;627;2;0
1884;1884;628;0;1
1885;1885;628;1;1
1886;1886;628;2;1
1887;1887;629;0;0
1888;1888;629;1;0
1889;1889;629;2;0
1890;1890;630;0;0
1891;1891;630;1;0
1892;1892;630;2;0
1893;1893;631;0;0
1894;1894;631;1;0
1895;1895;631;2;0
1896;1896;632;0;0
1897;1897;632;1;0
1898;1898;632;2;0
1899;1899;633;0;1
1900;1900;633;1;1
1901;1901;633;2;1
1902;1902;634;0;0
1903;1903;634;1;0
1904;1904;634;2;0
1905;1905;635;0;0
1906;1906;635;1;0
1907;1907;635;2;0
1908;1908;636;0;0
1909;1909;636;1;0
1910;1910;636;2;0
1911;1911;637;0;0
1912;1912;637;1;0
1913;1913;637;2;0
1914;1914;638;0;0
1915;1915;638;1;0
1916;1916;638;2;0
1917;1917;639;0;0
1918;1918;639;1;0
1919;1919;639;2;0
1920;1920;640;0;0
1921;1921;640;1;0
1922;1922;640;2;0
1923;1923;641;0;0
1924;1924;641;1;0
1925;1925;641;2;0
1926;1926;642;0;0
1927;1927;642;1;0
1928;1928;642;2;0
1929;1929;643;0;0
1930;1930;643;1;0
1931;1931;643;2;0
1932;1932;644;0;0
1933;1933;644;1;0
1934;1934;644;2;0
1935;1935;645;0;0
1936;1936;645;1;0
1937;1937;645;2;0
1938;1938;646;0;0
1939;1939;646;1;0
1940;1940;646;2;0
1941;1941;647;0;0
1942;1942;647;1;0
1943;1943;647;2;0
1944;1944;648;0;0
1945;1945;648;1;0
1946;1946;648;2;0
1947;1947;649;0;0
1948;1948;649;1;0
1949;1949;649;2;0
1950;1950;650;0;0
1951;1951;650;1;0
1952;1952;650;2;0
1953;1953;651;0;0
1954;1954;651;1;0
1955;1955;651;2;0
1956;1956;652;0;0
1957;1957;652;1;0
1958;1958;652;2;0
1959;1959;653;0;0
1960;1960;653;1;0
1961;1961;653;2;0
1962;1962;654;0;0
1963;1963;654;1;0
1964;1964;654;2;0
1965;1965;655;0;0
1966;1966;655;1;0
1967;1967;655;2;0
1968;1968;656;0;0
1969;1969;656;1;0
1970;1970;656;2;0
1971;1971;657;0;0
1972;1972;657;1;0
1973;1973;657;2;0
1974;1974;658;0;0
1975;1975;658;1;0
1976;1976;658;2;0
1977;1977;659;0;0
1978;1978;659;1;0
1979;1979;659;2;0
1980;1980;660;0;0
1981;1981;660;1;0
1982;1982;660;2;0
1983;1983;661;0;0
1984;1984;661;1;0
1985;1985;661;2;0
1986;1986;662;0;0
1987;1987;662;1;0
1988;1988;662;2;0
1989;1989;663;0;0
1990;1990;663;1;0
1991;1991;663;2;0
1992;1992;664;0;1
1993;1993;664;1;1
1994;1994;664;2;1
1995;1995;665;0;0
1996;1996;665;1;0
1997;1997;665;2;0
1998;1998;666;0;0
1999;1999;666;1;0
2000;2000;666;2;0
2001;2001;667;0;0
2002;2002;667;1;0
2003;2003;667;2;0
2004;2004;668;0;0
2005;2005;668;1;0
2006;2006;668;2;0
2007;2007;669;0;0
2008;2008;669;1;0
2009;2009;669;2;0
2010;2010;670;0;0
2011;2011;670;1;0
2012;2012;670;2;0
2013;2013;671;0;0
2014;2014;671;1;0
2015;2015;671;2;0
2016;2016;672;0;0
2017;2017;672;1;0
2018;2018;672;2;0
2019;2019;673;0;0
2020;2020;673;1;0
2021;2021;673;2;0
2022;2022;674;0;0
2023;2023;674;1;0
2024;2024;674;2;0
2025;2025;675;0;0
2026;2026;675;1;0
2027;2027;675;2;0
2028;2028;676;0;0
2029;2029;676;1;0
2030;2030;676;2;0
2031;2031;677;0;0
2032;2032;677;1;0
2033;2033;677;2;0
2034;2034;678;0;0
2035;2035;678;1;0
2036;2036;678;2;0
2037;2037;679;0;0
2038;2038;679;1;0
2039;2039;679;2;0
2040;2040;680;0;0
2041;2041;680;1;0
2042;2042;680;2;0
2043;2043;681;0;0
2044;2044;681;1;0
2045;2045;681;2;0
2046;2046;682;0;0
2047;2047;682;1;0
2048;2048;682;2;0
2049;2049;683;0;0
2050;2050;683;1;0
2051;2051;683;2;0
2052;2052;684;0;0
2053;2053;684;1;0
2054;2054;684;2;0
2055;2055;685;0;0
2056;2056;685;1;0
2057;2057;685;2;0
2058;2058;686;0;0
2059;2059;686;1;0
2060;2060;686;2;0
2061;2061;687;0;0
2062;2062;687;1;0
2063;2063;687;2;0
2064;2064;688;0;0
2065;2065;688;1;0
2066;2066;688;2;0
2067;2067;689;0;0
2068;2068;689;1;0
2069;2069;689;2;0
2070;2070;690;0;0
2071;2071;690;1;0
2072;2072;690;2;0
2073;2073;691;0;0
2074;2074;691;1;0
2075;2075;691;2;0
2076;2076;692;0;0
2077;2077;692;1;0
2078;2078;692;2;0
2079;2079;693;0;0
2080;2080;693;1;0
2081;2081;693;2;0
2082;2082;694;0;0
2083;2083;694;1;0
2084;2084;694;2;0
2085;2085;695;0;1
2086;2086;695;1;1
2087;2087;695;2;1
2088;2088;696;0;0
2089;2089;696;1;0
2090;2090;696;2;0
2091;2091;697;0;0
2092;2092;697;1;0
2093;2093;697;2;0
2094;2094;698;0;0
2095;2095;698;1;0
2096;2096;698;2;0
2097;2097;699;0;1
2098;2098;699;1;1
2099;2099;699;2;1
2100;2100;700;0;0
2101;2101;700;1;0
2102;2102;700;2;0
2103;2103;701;0;0
2104;2104;701;1;0
2105;2105;701;2;0
2106;2106;702;0;0
2107;2107;702;1;0
2108;2108;702;2;0
2109;2109;703;0;0
2110;2110;703;1;0
2111;2111;703;2;0
2112;2112;704;0;0
2113;2113;704;1;0
2114;2114;704;2;0
2115;2115;705;0;1
2116;2116;705;1;1
2117;2117;705;2;1
2118;2118;706;0;1
2119;2119;706;1;1
2120;2120;706;2;0
2121;2121;707;0;0
2122;2122;707;1;0
2123;2123;707;2;0
2124;2124;708;0;0
2125;2125;708;1;0
2126;2126;708;2;0
2127;2127;709;0;0
2128;2128;709;1;0
2129;2129;709;2;0
2130;2130;710;0;0
2131;2131;710;1;0
2132;2132;710;2;0
2133;2133;711;0;0
2134;2134;711;1;0
2135;2135;711;2;0
2136;2136;712;0;0
2137;2137;712;1;0
2138;2138;712;2;0
2139;2139;713;0;1
2140;2140;713;1;1
2141;2141;713;2;1
2142;2142;714;0;0
2143;2143;714;1;0
2144;2144;714;2;0
2145;2145;715;0;0
2146;2146;715;1;0
2147;2147;715;2;0
2148;2148;716;0;0
2149;2149;716;1;0
2150;2150;716;2;0
2151;2151;717;0;0
2152;2152;717;1;0
2153;2153;717;2;0
2154;2154;718;0;0
2155;2155;718;1;0
2156;2156;718;2;0
2157;2157;719;0;0
2158;2158;719;1;0
2159;2159;719;2;0
2160;2160;720;0;1
2161;2161;720;1;1
2162;2162;720;2;1
2163;2163;721;0;0
2164;2164;721;1;0
2165;2165;721;2;0
2166;2166;722;0;0
2167;2167;722;1;0
2168;2168;722;2;0
2169;2169;723;0;1
2170;2170;723;1;1
2171;2171;723;2;1
2172;2172;724;0;0
2173;2173;724;1;0
2174;2174;724;2;0
2175;2175;725;0;0
2176;2176;725;1;0
2177;2177;725;2;0
